order_id,customer_id,order_date,product_name,quantity,unit_price,total_price
20001,11052,2023-09-21,Cloned executive firmware,2,62.28,124.56
20002,11093,2024-07-22,Switchable actuating Internet solution,8,18.07,144.56
20003,11015,2024-01-12,Universal web-enabled pricing structure,8,74.59,596.72
20004,11072,2024-11-22,Extended reciprocal utilization,1,45.99,45.99
20005,11061,2023-12-11,Total leadingedge website,3,97.91,293.73
20006,11021,2025-04-12,Organized discrete superstructure,9,84.09,756.8100000000001
20007,11083,2023-07-19,Total optimal algorithm,5,57.02,285.1
20008,11087,2024-02-24,Customizable reciprocal access,6,21.09,126.53999999999999
20009,11075,2024-02-10,Proactive holistic Internet solution,4,87.35,349.4
20010,11075,2024-09-10,Open-architected user-facing flexibility,2,81.98,163.96
20011,11088,2025-01-01,Re-engineered client-driven implementation,8,26.61,212.88
20012,11100,2023-10-12,Down-sized tangible neural-net,6,36.58,219.48
20013,11024,2025-02-03,Robust zero tolerance Graphical User Interface,5,81.41,407.04999999999995
20014,11003,2023-10-11,Optional intangible time-frame,9,26.67,240.03000000000003
20015,11022,2023-09-15,Open-source logistical encoding,1,92.6,92.6
20016,11053,2024-03-11,Horizontal analyzing extranet,5,48.21,241.05
20017,11002,2023-09-26,Front-line heuristic analyzer,6,17.83,106.97999999999999
20018,11088,2024-07-22,Devolved incremental artificial intelligence,5,83.42,417.1
20019,11030,2024-03-13,Cross-platform fresh-thinking projection,6,43.62,261.71999999999997
20020,11038,2024-08-26,Total empowering product,6,57.38,344.28000000000003
20021,11002,2023-08-11,Team-oriented contextually-based complexity,7,20.11,140.76999999999998
20022,11064,2024-12-28,Streamlined grid-enabled policy,4,10.23,40.92
20023,11060,2025-02-07,Business-focused motivating contingency,8,67.42,539.36
20024,11021,2023-08-12,Synergized impactful project,7,56.37,394.59
20025,11033,2024-11-03,Horizontal attitude-oriented open architecture,9,63.42,570.78
20026,11076,2025-01-08,Programmable 24/7 matrix,7,81.44,570.0799999999999
20027,11058,2025-02-11,Optimized secondary synergy,3,68.19,204.57
20028,11022,2025-04-12,User-centric zero administration monitoring,3,25.73,77.19
20029,11089,2024-04-19,Total intangible concept,8,42.47,339.76
20030,11049,2024-06-11,Customizable zero administration implementation,5,91.53,457.65
20031,11091,2024-07-20,Monitored optimal capacity,4,79.3,317.2
20032,11059,2024-04-23,Enterprise-wide national core,8,60.1,480.8
20033,11042,2024-06-18,Visionary regional extranet,6,33.01,198.06
20034,11092,2024-05-01,Cross-group intermediate matrices,2,37.19,74.38
20035,11060,2023-11-29,Organic demand-driven Local Area Network,4,75.88,303.52
20036,11080,2025-03-04,Persistent encompassing open architecture,4,86.61,346.44
20037,11015,2024-11-15,Phased reciprocal benchmark,6,70.43,422.58000000000004
20038,11062,2024-11-01,Diverse stable time-frame,6,82.86,497.15999999999997
20039,11062,2023-10-28,Organized user-facing groupware,1,79.0,79.0
20040,11047,2024-08-01,Digitized secondary project,8,23.47,187.76
20041,11062,2023-11-09,Mandatory contextually-based help-desk,6,48.16,288.96
20042,11051,2024-06-29,Balanced context-sensitive migration,3,23.77,71.31
20043,11055,2023-10-06,Quality-focused well-modulated infrastructure,9,31.17,280.53000000000003
20044,11064,2024-12-20,Devolved static orchestration,2,88.23,176.46
20045,11003,2024-04-29,Triple-buffered dynamic data-warehouse,8,52.56,420.48
20046,11051,2025-01-31,Ameliorated incremental functionalities,3,58.18,174.54
20047,11007,2023-08-26,Switchable value-added extranet,5,26.06,130.29999999999998
20048,11021,2024-04-25,Open-source logistical neural-net,6,38.1,228.60000000000002
20049,11073,2023-08-13,Optional optimizing task-force,6,30.72,184.32
20050,11039,2025-04-18,Balanced zero-defect project,4,28.56,114.24
20051,11018,2023-09-13,Face-to-face tertiary flexibility,3,67.42,202.26
20052,11004,2024-07-01,Function-based stable help-desk,4,33.12,132.48
20053,11089,2023-07-25,Organic didactic framework,1,66.88,66.88
20054,11060,2024-10-17,Distributed radical support,4,15.26,61.04
20055,11014,2023-09-30,Robust secondary system engine,1,22.76,22.76
20056,11009,2023-10-04,Centralized intangible methodology,1,34.71,34.71
20057,11090,2024-05-17,Implemented content-based time-frame,6,63.73,382.38
20058,11053,2024-10-28,Function-based bi-directional service-desk,5,70.83,354.15
20059,11002,2023-10-09,Front-line mobile capacity,4,49.84,199.36
20060,11084,2024-08-01,Focused empowering forecast,3,50.12,150.35999999999999
20061,11092,2024-07-29,Organic human-resource circuit,1,75.21,75.21
20062,11060,2025-01-22,Multi-tiered even-keeled matrix,6,11.42,68.52
20063,11071,2024-05-11,Team-oriented impactful array,2,40.7,81.4
20064,11044,2024-01-13,Profit-focused heuristic time-frame,8,83.68,669.44
20065,11008,2023-10-12,Reactive multi-tasking archive,5,64.29,321.45000000000005
20066,11047,2025-01-21,Programmable radical productivity,7,40.35,282.45
20067,11035,2024-01-18,Object-based bifurcated task-force,2,91.5,183.0
20068,11078,2023-07-13,Visionary regional toolset,8,79.54,636.32
20069,11081,2024-03-08,Phased interactive migration,2,33.84,67.68
20070,11036,2023-09-05,Customer-focused fresh-thinking challenge,4,68.08,272.32
20071,11050,2024-07-22,Centralized exuding ability,1,63.62,63.62
20072,11004,2023-08-19,Advanced zero-defect knowledge user,5,46.11,230.55
20073,11002,2023-07-30,Organic even-keeled service-desk,9,43.03,387.27
20074,11006,2024-01-19,Implemented disintermediate definition,1,40.92,40.92
20075,11054,2024-06-01,Adaptive bandwidth-monitored adapter,9,65.54,589.86
20076,11004,2024-10-28,Sharable zero tolerance database,8,49.82,398.56
20077,11054,2024-05-07,Distributed coherent installation,6,84.87,509.22
20078,11093,2024-06-03,Multi-layered context-sensitive data-warehouse,7,70.26,491.82000000000005
20079,11063,2024-05-24,De-engineered zero-defect moderator,3,16.29,48.87
20080,11018,2024-06-13,Multi-lateral 4thgeneration utilization,1,67.62,67.62
20081,11090,2023-11-19,Customizable systematic strategy,5,34.4,172.0
20082,11044,2024-04-15,Fully-configurable background archive,2,63.35,126.7
20083,11034,2024-06-08,Implemented systematic function,5,71.21,356.04999999999995
20084,11074,2023-08-24,Front-line content-based framework,8,30.77,246.16
20085,11062,2024-01-27,Decentralized explicit time-frame,9,51.12,460.08
20086,11100,2024-08-18,Face-to-face intermediate installation,2,27.13,54.26
20087,11014,2024-04-09,Diverse upward-trending leverage,3,14.71,44.13
20088,11095,2024-01-11,Robust disintermediate process improvement,3,44.06,132.18
20089,11048,2023-09-12,Future-proofed systemic synergy,1,42.66,42.66
20090,11015,2023-12-03,Progressive multi-state process improvement,8,99.59,796.72
20091,11072,2024-02-04,Fundamental system-worthy time-frame,6,50.17,301.02
20092,11078,2023-11-14,Realigned interactive emulation,8,40.02,320.16
20093,11087,2024-07-21,Sharable high-level firmware,9,62.24,560.16
20094,11062,2023-07-12,Optional needs-based circuit,5,17.99,89.94999999999999
20095,11040,2024-08-01,Grass-roots bifurcated database,3,96.55,289.65
20096,11085,2025-03-08,Exclusive hybrid help-desk,5,67.15,335.75
20097,11080,2025-02-24,Adaptive heuristic collaboration,5,77.94,389.7
20098,11082,2025-04-22,Self-enabling static access,5,25.34,126.7
20099,11053,2025-02-11,Reverse-engineered dedicated solution,3,46.85,140.55
20100,11024,2024-03-03,Multi-lateral executive data-warehouse,4,48.04,192.16
20101,11026,2023-06-26,Fundamental object-oriented utilization,9,83.96,755.64
20102,11089,2024-01-25,Intuitive background superstructure,9,10.11,90.99
20103,11060,2024-01-20,Decentralized background support,2,37.08,74.16
20104,11041,2024-04-20,Persevering exuding adapter,8,98.31,786.48
20105,11029,2024-08-09,Upgradable responsive intranet,8,52.74,421.92
20106,11015,2024-11-18,Open-architected dynamic structure,7,44.43,311.01
20107,11045,2023-07-24,Face-to-face directional software,8,20.78,166.24
20108,11065,2023-11-07,Up-sized motivating instruction set,3,97.67,293.01
20109,11089,2024-05-16,Multi-lateral intangible protocol,6,11.8,70.80000000000001
20110,11071,2025-02-02,Balanced even-keeled extranet,1,76.35,76.35
20111,11009,2025-05-08,Multi-tiered coherent project,7,79.17,554.19
20112,11088,2023-10-07,Reverse-engineered didactic workforce,1,31.93,31.93
20113,11001,2023-07-07,Universal web-enabled hardware,9,70.44,633.96
20114,11008,2024-06-13,Automated value-added array,1,18.36,18.36
20115,11088,2024-07-03,Open-source real-time service-desk,1,33.13,33.13
20116,11063,2024-02-14,Ergonomic well-modulated info-mediaries,7,80.91,566.37
20117,11011,2023-07-07,Universal even-keeled open architecture,2,87.82,175.64
20118,11081,2025-04-17,Ergonomic value-added analyzer,5,64.76,323.8
20119,11008,2024-03-18,Robust empowering time-frame,8,55.62,444.96
20120,11035,2023-09-13,Assimilated fresh-thinking workforce,8,24.34,194.72
20121,11035,2023-12-10,Managed zero administration extranet,3,15.68,47.04
20122,11033,2025-02-16,Horizontal discrete website,7,20.59,144.13
20123,11005,2025-03-16,Re-contextualized leadingedge monitoring,3,30.46,91.38
20124,11041,2024-05-25,Advanced attitude-oriented functionalities,6,40.75,244.5
20125,11028,2023-08-06,Cross-group composite artificial intelligence,6,44.28,265.68
20126,11007,2023-12-16,Persevering solution-oriented secured line,3,41.17,123.51
20127,11073,2024-03-21,Fundamental optimizing emulation,7,31.51,220.57000000000002
20128,11072,2023-10-12,Grass-roots asynchronous productivity,3,55.88,167.64000000000001
20129,11012,2024-10-09,Horizontal uniform process improvement,8,84.28,674.24
20130,11034,2023-12-28,Synchronized multimedia toolset,4,35.17,140.68
20131,11033,2024-11-11,Seamless encompassing installation,1,94.81,94.81
20132,11048,2023-12-18,Compatible multimedia architecture,4,88.6,354.4
20133,11023,2024-04-15,Multi-lateral human-resource forecast,7,24.56,171.92
20134,11062,2024-10-01,Intuitive stable Internet solution,4,80.76,323.04
20135,11088,2024-05-23,Optional discrete open system,6,61.71,370.26
20136,11037,2025-04-04,Reverse-engineered secondary software,9,60.99,548.91
20137,11099,2024-05-06,Inverse eco-centric flexibility,1,45.19,45.19
20138,11044,2025-01-19,Multi-layered tertiary knowledge user,5,55.1,275.5
20139,11086,2024-10-20,Team-oriented asymmetric utilization,7,45.75,320.25
20140,11091,2024-05-07,Enhanced impactful challenge,1,58.58,58.58
20141,11035,2025-02-03,Switchable interactive capability,4,66.52,266.08
20142,11065,2023-11-12,Optional grid-enabled capacity,6,70.69,424.14
20143,11099,2024-08-24,Compatible heuristic focus group,2,57.92,115.84
20144,11047,2024-06-30,Automated intangible application,5,74.93,374.65000000000003
20145,11078,2023-05-18,Quality-focused multi-state model,1,22.72,22.72
20146,11003,2023-05-30,Organized asymmetric solution,6,29.08,174.48
20147,11001,2023-10-19,Future-proofed cohesive info-mediaries,6,83.69,502.14
20148,11005,2023-08-18,Adaptive encompassing strategy,4,39.03,156.12
20149,11090,2024-02-07,Digitized asynchronous array,8,12.06,96.48
20150,11014,2025-04-06,Open-architected neutral database,4,23.84,95.36
20151,11027,2023-08-10,Innovative asynchronous product,8,30.13,241.04
20152,11009,2024-04-10,Programmable asynchronous info-mediaries,8,96.16,769.28
20153,11079,2024-09-02,Multi-tiered needs-based firmware,5,61.57,307.85
20154,11015,2023-08-13,Total motivating paradigm,4,93.95,375.8
20155,11090,2023-12-08,Balanced tangible model,2,61.76,123.52
20156,11042,2023-10-17,Extended background focus group,3,53.14,159.42000000000002
20157,11077,2024-03-02,Sharable optimizing strategy,3,38.24,114.72
20158,11051,2023-10-27,Open-architected analyzing capacity,4,64.57,258.28
20159,11063,2024-06-19,Reduced leadingedge time-frame,4,22.53,90.12
20160,11096,2024-03-23,Front-line next generation intranet,5,90.84,454.20000000000005
20161,11052,2024-01-14,Stand-alone zero-defect groupware,4,84.64,338.56
20162,11096,2023-07-30,Cross-platform bandwidth-monitored Internet solution,8,38.58,308.64
20163,11004,2024-06-17,Pre-emptive disintermediate projection,6,95.75,574.5
20164,11094,2023-11-03,Decentralized object-oriented intranet,6,84.27,505.62
20165,11023,2023-05-29,Exclusive bi-directional leverage,8,69.97,559.76
20166,11015,2023-06-21,Enterprise-wide exuding middleware,7,20.96,146.72
20167,11043,2024-05-28,Progressive heuristic data-warehouse,8,53.04,424.32
20168,11029,2025-04-12,Customizable mission-critical forecast,2,55.55,111.1
20169,11036,2025-03-04,Business-focused zero administration knowledgebase,9,30.93,278.37
20170,11013,2024-11-25,Re-engineered eco-centric budgetary management,1,17.2,17.2
20171,11032,2024-02-08,User-centric interactive paradigm,8,79.91,639.28
20172,11071,2024-12-09,Profit-focused real-time customer loyalty,4,20.98,83.92
20173,11059,2024-05-11,Monitored demand-driven matrices,4,63.49,253.96
20174,11086,2024-01-17,Cross-platform multi-state artificial intelligence,5,94.28,471.4
20175,11028,2024-10-12,Focused incremental hierarchy,8,88.85,710.8
20176,11066,2024-10-15,Reduced static open architecture,5,35.0,175.0
20177,11042,2024-08-18,Profound executive moderator,8,86.63,693.04
20178,11045,2023-06-17,Cross-platform systematic open system,1,10.03,10.03
20179,11062,2023-07-12,Inverse systemic core,9,11.59,104.31
20180,11057,2024-05-02,Focused 24hour support,6,64.23,385.38
20181,11006,2024-11-03,Future-proofed context-sensitive adapter,3,42.83,128.49
20182,11028,2024-02-26,Profound directional installation,8,44.78,358.24
20183,11028,2024-09-15,Total 24/7 website,9,60.8,547.1999999999999
20184,11044,2024-06-21,Organized asymmetric moderator,6,27.26,163.56
20185,11084,2024-05-14,Open-architected local software,7,29.06,203.42
20186,11030,2023-10-02,Stand-alone explicit neural-net,1,53.61,53.61
20187,11062,2024-04-02,Customer-focused needs-based policy,5,77.88,389.4
20188,11075,2024-05-08,Enhanced tertiary complexity,5,65.75,328.75
20189,11092,2024-11-02,Multi-layered optimal strategy,4,36.76,147.04
20190,11089,2024-11-23,Triple-buffered coherent methodology,6,48.73,292.38
20191,11062,2023-08-12,Operative bifurcated software,7,25.36,177.51999999999998
20192,11097,2024-10-28,Automated context-sensitive moderator,9,16.72,150.48
20193,11001,2023-11-25,Future-proofed full-range adapter,1,80.44,80.44
20194,11027,2025-01-04,Pre-emptive systematic application,6,33.88,203.28000000000003
20195,11062,2023-10-08,Front-line high-level installation,7,26.0,182.0
20196,11077,2023-08-16,Fully-configurable radical analyzer,3,72.25,216.75
20197,11003,2024-08-30,Switchable multimedia alliance,8,65.62,524.96
20198,11070,2024-08-20,Grass-roots empowering conglomeration,5,66.99,334.95
20199,11072,2024-12-07,Customizable motivating archive,9,30.6,275.40000000000003
20200,11027,2023-09-10,Visionary neutral moratorium,5,30.94,154.70000000000002
20201,11009,2025-01-19,Profit-focused radical knowledgebase,9,29.87,268.83
20202,11062,2025-05-09,Diverse systemic success,4,25.64,102.56
20203,11037,2024-06-07,Multi-lateral high-level service-desk,9,69.02,621.18
20204,11097,2024-09-18,Operative web-enabled budgetary management,5,86.32,431.59999999999997
20205,11051,2024-06-20,Public-key tertiary moderator,9,75.19,676.71
20206,11044,2024-07-04,Multi-tiered system-worthy time-frame,3,81.29,243.87
20207,11024,2025-01-12,Pre-emptive context-sensitive policy,4,46.43,185.72
20208,11079,2025-02-02,Innovative responsive adapter,9,68.87,619.83
20209,11059,2023-10-18,Devolved foreground algorithm,6,41.88,251.28000000000003
20210,11032,2023-05-31,Mandatory scalable capability,2,57.3,114.6
20211,11096,2023-07-27,Realigned zero-defect migration,7,53.35,373.45
20212,11088,2025-01-27,Devolved bandwidth-monitored knowledgebase,2,25.92,51.84
20213,11052,2024-09-08,Intuitive modular paradigm,2,44.84,89.68
20214,11062,2024-10-19,Stand-alone even-keeled flexibility,1,96.74,96.74
20215,11058,2024-09-28,Synergized 24hour leverage,3,32.37,97.10999999999999
20216,11052,2024-01-07,Sharable client-driven infrastructure,6,22.04,132.24
20217,11012,2024-08-25,Face-to-face fault-tolerant protocol,8,47.67,381.36
20218,11039,2024-04-14,Fundamental asynchronous focus group,9,81.13,730.17
20219,11002,2024-12-14,Grass-roots uniform synergy,7,62.39,436.73
20220,11003,2024-05-24,Profit-focused reciprocal workforce,4,71.29,285.16
20221,11056,2023-08-13,Secured actuating paradigm,6,27.07,162.42000000000002
20222,11081,2023-11-06,Intuitive responsive utilization,5,65.71,328.54999999999995
20223,11059,2025-01-10,Progressive eco-centric moratorium,8,39.12,312.96
20224,11002,2024-02-23,Proactive 24/7 approach,1,85.09,85.09
20225,11002,2024-01-05,Grass-roots even-keeled process improvement,1,66.64,66.64
20226,11092,2023-08-28,Profound didactic function,6,27.9,167.39999999999998
20227,11054,2024-04-28,Reactive global ability,2,15.82,31.64
20228,11087,2024-08-27,Synergistic tangible model,5,13.84,69.2
20229,11096,2023-10-21,Ergonomic explicit instruction set,1,43.43,43.43
20230,11097,2024-09-06,Programmable modular customer loyalty,7,33.93,237.51
20231,11001,2025-05-10,Adaptive static encoding,1,68.15,68.15
20232,11019,2024-01-30,Decentralized zero-defect product,4,54.94,219.76
20233,11002,2024-09-11,Advanced dedicated ability,9,33.94,305.46
20234,11053,2024-09-20,Robust multi-tasking website,1,23.43,23.43
20235,11044,2024-04-23,Triple-buffered static productivity,4,21.45,85.8
20236,11090,2024-11-30,Quality-focused scalable open architecture,6,87.82,526.92
20237,11032,2024-11-30,Stand-alone eco-centric parallelism,6,31.91,191.46
20238,11070,2024-05-27,Robust 3rdgeneration instruction set,8,68.65,549.2
20239,11032,2024-10-24,De-engineered well-modulated pricing structure,1,82.96,82.96
20240,11068,2024-11-17,Self-enabling executive task-force,7,65.27,456.89
20241,11055,2024-07-08,Configurable systemic approach,1,87.36,87.36
20242,11075,2023-08-01,Polarized tertiary initiative,7,45.32,317.24
20243,11056,2024-12-11,Future-proofed heuristic software,3,96.06,288.18
20244,11017,2025-04-01,Pre-emptive system-worthy Local Area Network,8,21.98,175.84
20245,11038,2023-07-14,Down-sized multi-state matrix,3,19.19,57.57000000000001
20246,11024,2024-09-28,Open-architected grid-enabled structure,1,69.28,69.28
20247,11069,2023-07-29,Realigned uniform hardware,8,94.85,758.8
20248,11098,2025-02-02,Synergistic 24hour success,3,82.8,248.39999999999998
20249,11070,2024-02-23,Polarized 4thgeneration artificial intelligence,2,16.88,33.76
20250,11086,2023-05-21,Self-enabling 3rdgeneration success,1,35.14,35.14
20251,11011,2024-12-30,Multi-tiered dynamic functionalities,3,93.73,281.19
20252,11016,2024-03-12,Reverse-engineered static process improvement,2,32.78,65.56
20253,11097,2025-01-06,Reduced high-level ability,2,80.31,160.62
20254,11073,2025-03-19,Exclusive national projection,6,84.26,505.56000000000006
20255,11059,2023-10-31,Mandatory next generation forecast,1,54.59,54.59
20256,11070,2023-11-10,Optimized high-level moderator,2,44.77,89.54
20257,11080,2024-05-12,Focused holistic matrix,6,50.51,303.06
20258,11093,2023-10-05,Persevering actuating emulation,3,30.43,91.28999999999999
20259,11003,2023-06-21,Cloned contextually-based protocol,4,90.05,360.2
20260,11020,2024-01-27,Reduced global algorithm,1,50.56,50.56
20261,11059,2024-01-22,Enterprise-wide interactive complexity,8,89.42,715.36
20262,11036,2024-02-29,Profit-focused 3rdgeneration database,7,19.51,136.57000000000002
20263,11019,2023-10-29,Future-proofed methodical initiative,7,98.94,692.5799999999999
20264,11090,2024-06-01,Compatible tertiary info-mediaries,3,49.89,149.67000000000002
20265,11067,2024-07-08,Visionary neutral function,3,14.3,42.900000000000006
20266,11019,2024-04-20,User-centric grid-enabled Graphical User Interface,2,13.42,26.84
20267,11020,2025-01-19,Inverse impactful encoding,1,77.16,77.16
20268,11096,2023-05-18,Devolved 24hour policy,7,69.31,485.17
20269,11071,2023-09-21,Re-engineered 24hour firmware,7,82.19,575.3299999999999
20270,11052,2024-08-13,User-friendly even-keeled structure,2,19.48,38.96
20271,11033,2024-09-25,Compatible scalable standardization,7,13.2,92.39999999999999
20272,11040,2023-11-07,Managed heuristic moratorium,8,55.77,446.16
20273,11039,2024-05-08,Reverse-engineered global encoding,1,44.88,44.88
20274,11082,2023-09-08,Function-based radical methodology,9,51.58,464.21999999999997
20275,11001,2023-08-26,Horizontal zero tolerance functionalities,7,99.24,694.68
20276,11011,2024-08-12,Up-sized logistical open system,3,97.37,292.11
20277,11092,2024-11-29,Triple-buffered executive policy,8,94.81,758.48
20278,11057,2024-05-05,Switchable maximized website,7,80.55,563.85
20279,11089,2023-09-28,Integrated intangible functionalities,8,41.94,335.52
20280,11050,2024-04-06,Exclusive homogeneous open architecture,6,47.09,282.54
20281,11023,2023-05-30,Object-based zero tolerance approach,9,59.47,535.23
20282,11031,2023-12-11,Persevering grid-enabled encryption,5,84.75,423.75
20283,11094,2024-04-04,Down-sized grid-enabled Internet solution,3,16.18,48.54
20284,11042,2024-11-01,Reactive value-added Graphical User Interface,3,48.19,144.57
20285,11099,2023-12-15,Business-focused asymmetric migration,1,17.44,17.44
20286,11007,2025-03-14,Self-enabling mission-critical product,8,56.32,450.56
20287,11016,2023-08-04,Reduced needs-based hardware,2,90.9,181.8
20288,11090,2025-03-30,Optimized eco-centric data-warehouse,3,80.42,241.26
20289,11060,2024-07-12,Managed zero tolerance customer loyalty,8,30.51,244.08
20290,11002,2023-11-15,Public-key object-oriented utilization,8,97.84,782.72
20291,11001,2023-09-20,Innovative asynchronous hardware,4,70.06,280.24
20292,11048,2024-03-24,Advanced global interface,4,10.94,43.76
20293,11012,2023-06-07,Synergized fresh-thinking customer loyalty,5,32.99,164.95000000000002
20294,11069,2025-05-11,Right-sized clear-thinking hub,6,33.46,200.76
20295,11037,2025-04-30,Open-source value-added hub,5,16.23,81.15
20296,11032,2023-09-10,Synergized bifurcated approach,7,96.38,674.66
20297,11009,2024-04-19,Horizontal motivating hub,2,53.04,106.08
20298,11099,2023-08-01,Cross-group real-time benchmark,7,90.62,634.34
20299,11019,2023-12-02,Monitored next generation Internet solution,7,39.0,273.0
20300,11048,2024-01-18,Quality-focused incremental instruction set,1,21.27,21.27
20301,11080,2023-09-12,Secured 3rdgeneration middleware,7,52.69,368.83
20302,11003,2023-11-03,Robust reciprocal approach,5,20.26,101.30000000000001
20303,11020,2024-09-14,Versatile client-server adapter,3,53.74,161.22
20304,11024,2023-10-09,Multi-lateral motivating throughput,3,92.83,278.49
20305,11054,2024-05-23,Intuitive empowering support,4,56.87,227.48
20306,11033,2023-06-06,Re-contextualized bifurcated hardware,2,65.48,130.96
20307,11024,2023-06-19,Ergonomic clear-thinking archive,2,24.1,48.2
20308,11075,2024-07-27,Total coherent alliance,1,13.94,13.94
20309,11072,2024-02-28,Cloned 3rdgeneration budgetary management,5,19.97,99.85
20310,11036,2025-05-01,Focused national framework,4,63.87,255.48
20311,11038,2023-08-14,Monitored real-time service-desk,2,18.55,37.1
20312,11084,2024-10-25,Team-oriented context-sensitive circuit,3,43.84,131.52
20313,11099,2023-06-17,Programmable fault-tolerant Graphic Interface,7,59.51,416.57
20314,11089,2023-06-28,Robust multimedia instruction set,7,44.98,314.85999999999996
20315,11099,2024-01-31,Customizable 24/7 middleware,4,24.73,98.92
20316,11025,2024-08-04,Persistent well-modulated help-desk,5,34.64,173.2
20317,11093,2025-05-10,Multi-lateral executive encoding,5,93.55,467.75
20318,11018,2023-10-09,Reactive clear-thinking process improvement,6,70.84,425.04
20319,11082,2025-04-12,Customer-focused demand-driven archive,9,54.64,491.76
20320,11066,2024-12-29,Managed non-volatile encryption,2,11.14,22.28
20321,11054,2023-07-13,Innovative bi-directional intranet,5,99.32,496.59999999999997
20322,11035,2023-12-03,De-engineered explicit migration,3,70.43,211.29000000000002
20323,11080,2023-08-29,Programmable needs-based data-warehouse,4,38.52,154.08
20324,11061,2024-01-17,Versatile systematic leverage,6,89.13,534.78
20325,11041,2025-03-01,Organized zero-defect contingency,8,33.26,266.08
20326,11100,2024-12-14,Centralized directional framework,1,58.96,58.96
20327,11033,2025-04-13,Persevering holistic Local Area Network,8,67.25,538.0
20328,11068,2023-08-01,Total clear-thinking strategy,7,29.9,209.29999999999998
20329,11033,2024-08-20,Face-to-face 24/7 standardization,1,98.06,98.06
20330,11014,2025-03-15,Balanced reciprocal infrastructure,2,77.34,154.68
20331,11021,2024-12-30,Grass-roots coherent archive,3,60.2,180.60000000000002
20332,11048,2025-01-28,Innovative well-modulated algorithm,1,26.25,26.25
20333,11020,2025-05-06,Seamless fresh-thinking circuit,9,14.85,133.65
20334,11008,2024-05-31,Right-sized zero tolerance intranet,8,38.81,310.48
20335,11007,2024-06-30,Multi-lateral multi-tasking process improvement,2,77.79,155.58
20336,11067,2024-06-01,Profound 6thgeneration portal,9,34.24,308.16
20337,11017,2023-06-20,Pre-emptive transitional productivity,7,58.56,409.92
20338,11033,2023-07-26,Expanded explicit middleware,9,75.52,679.68
20339,11048,2023-11-07,Reduced client-driven hub,6,19.71,118.26
20340,11076,2024-09-01,Devolved foreground array,6,71.68,430.08000000000004
20341,11059,2023-07-23,Synchronized high-level structure,4,18.27,73.08
20342,11086,2025-03-31,User-centric scalable solution,2,96.86,193.72
20343,11022,2023-07-02,Open-source client-driven forecast,7,53.96,377.72
20344,11030,2023-11-26,Grass-roots multi-state challenge,5,23.56,117.8
20345,11038,2023-10-18,Versatile reciprocal core,6,40.81,244.86
20346,11051,2024-02-11,Open-architected eco-centric forecast,2,47.21,94.42
20347,11054,2023-10-28,Polarized executive task-force,5,78.24,391.2
20348,11008,2023-09-09,Persistent user-facing parallelism,4,76.91,307.64
20349,11027,2024-06-04,Expanded 24/7 task-force,9,65.07,585.6299999999999
20350,11027,2024-07-29,Right-sized background conglomeration,6,19.53,117.18
20351,11098,2025-03-02,Innovative secondary challenge,2,23.64,47.28
20352,11021,2023-09-17,Re-engineered transitional task-force,1,18.44,18.44
20353,11030,2023-11-15,Implemented bottom-line collaboration,5,61.95,309.75
20354,11097,2025-02-11,Progressive local superstructure,9,88.94,800.46
20355,11028,2023-11-02,Versatile explicit hardware,6,49.04,294.24
20356,11064,2024-05-01,Object-based optimal service-desk,7,24.48,171.36
20357,11097,2024-02-13,Pre-emptive national encoding,5,60.22,301.1
20358,11069,2024-02-22,Horizontal directional success,6,83.06,498.36
20359,11061,2023-11-16,Phased multi-tasking capability,5,76.75,383.75
20360,11048,2023-06-13,Self-enabling logistical policy,9,89.33,803.97
20361,11019,2024-03-30,Open-source executive attitude,6,35.01,210.06
20362,11004,2024-01-18,Multi-lateral intangible algorithm,8,27.46,219.68
20363,11035,2023-06-17,User-friendly stable access,2,89.18,178.36
20364,11064,2023-10-21,Intuitive real-time software,9,69.18,622.6200000000001
20365,11049,2024-10-19,Business-focused local database,5,37.98,189.89999999999998
20366,11017,2023-09-07,Multi-tiered bottom-line extranet,7,76.81,537.6700000000001
20367,11044,2025-05-08,User-friendly context-sensitive open system,1,83.36,83.36
20368,11092,2024-07-12,Face-to-face incremental service-desk,5,65.35,326.75
20369,11030,2025-04-06,Customer-focused 5thgeneration strategy,2,71.91,143.82
20370,11093,2023-07-25,Configurable multi-tasking concept,6,43.77,262.62
20371,11046,2024-03-06,Ameliorated heuristic projection,1,58.48,58.48
20372,11006,2024-03-07,Optional foreground customer loyalty,3,57.17,171.51
20373,11099,2023-09-29,Programmable mission-critical support,5,86.32,431.59999999999997
20374,11037,2024-04-20,Mandatory reciprocal capacity,4,85.6,342.4
20375,11024,2024-04-25,Advanced 24/7 encryption,3,84.94,254.82
20376,11093,2024-07-04,Universal explicit architecture,5,10.99,54.95
20377,11046,2024-10-27,Secured leadingedge emulation,8,77.46,619.68
20378,11053,2023-08-01,Monitored methodical help-desk,4,78.28,313.12
20379,11095,2024-06-27,Centralized high-level artificial intelligence,1,71.05,71.05
20380,11099,2024-12-21,Reduced fresh-thinking complexity,7,78.06,546.4200000000001
20381,11060,2024-08-12,Networked multi-tasking focus group,8,85.78,686.24
20382,11097,2024-06-29,Multi-channeled exuding interface,3,52.33,156.99
20383,11063,2023-11-13,Universal impactful budgetary management,6,55.18,331.08
20384,11085,2023-07-23,Progressive multimedia migration,2,21.22,42.44
20385,11032,2023-12-14,Mandatory impactful parallelism,7,44.68,312.76
20386,11087,2024-07-30,Compatible 5thgeneration info-mediaries,8,67.9,543.2
20387,11033,2023-08-26,Polarized zero administration methodology,6,80.24,481.43999999999994
20388,11067,2024-06-17,Secured coherent installation,6,29.55,177.3
20389,11018,2024-02-20,Networked next generation info-mediaries,5,22.4,112.0
20390,11025,2024-05-07,Re-engineered maximized pricing structure,8,69.67,557.36
20391,11095,2025-02-15,Enhanced even-keeled adapter,1,10.17,10.17
20392,11054,2023-08-13,Realigned web-enabled time-frame,4,26.05,104.2
20393,11058,2024-12-17,Front-line 6thgeneration open system,4,12.62,50.48
20394,11067,2024-08-30,Exclusive well-modulated Graphical User Interface,3,25.02,75.06
20395,11046,2023-08-29,Organic background moratorium,3,26.32,78.96000000000001
20396,11024,2024-12-27,Expanded multi-tasking collaboration,4,44.89,179.56
20397,11032,2025-02-01,Inverse background circuit,1,46.21,46.21
20398,11047,2024-09-03,Proactive zero-defect structure,2,88.68,177.36
20399,11086,2024-02-27,Cloned asynchronous analyzer,9,55.91,503.18999999999994
20400,11023,2025-01-02,Intuitive fresh-thinking Graphic Interface,2,75.11,150.22
20401,11066,2024-10-23,Reduced multi-tasking groupware,5,19.37,96.85000000000001
20402,11027,2024-03-24,Fully-configurable zero administration portal,9,30.29,272.61
20403,11002,2024-05-09,Decentralized 3rdgeneration definition,9,73.26,659.34
20404,11090,2024-09-19,Persistent composite focus group,8,14.75,118.0
20405,11017,2024-08-23,De-engineered asymmetric intranet,1,53.79,53.79
20406,11033,2024-06-23,Grass-roots local productivity,1,63.94,63.94
20407,11009,2024-03-18,Ameliorated composite solution,9,64.19,577.71
20408,11043,2025-01-30,Ergonomic disintermediate structure,8,12.06,96.48
20409,11048,2023-07-15,Open-source incremental alliance,9,38.99,350.91
20410,11039,2023-08-18,User-friendly asymmetric archive,7,67.28,470.96000000000004
20411,11093,2023-07-10,Synergistic empowering workforce,3,23.41,70.23
20412,11042,2024-05-13,Grass-roots hybrid structure,3,72.59,217.77
20413,11026,2024-08-03,User-centric composite alliance,2,77.13,154.26
20414,11099,2025-02-15,Realigned asynchronous flexibility,5,98.38,491.9
20415,11050,2024-09-02,Customer-focused system-worthy structure,3,28.89,86.67
20416,11025,2025-04-12,Function-based static superstructure,6,84.26,505.56000000000006
20417,11024,2024-12-15,Digitized fault-tolerant superstructure,2,56.83,113.66
20418,11013,2024-10-19,Networked static open architecture,3,43.61,130.82999999999998
20419,11060,2023-10-01,Compatible value-added projection,5,21.01,105.05000000000001
20420,11007,2024-02-10,Future-proofed web-enabled productivity,1,76.2,76.2
20421,11057,2024-10-11,Progressive tangible benchmark,1,31.23,31.23
20422,11036,2023-07-22,Centralized responsive interface,9,43.43,390.87
20423,11045,2024-10-13,Networked static algorithm,7,15.63,109.41000000000001
20424,11020,2023-07-26,Exclusive needs-based forecast,1,82.12,82.12
20425,11065,2024-11-22,De-engineered secondary customer loyalty,8,78.99,631.92
20426,11008,2024-11-17,Ameliorated context-sensitive customer loyalty,3,76.03,228.09
20427,11016,2024-12-29,Advanced regional workforce,8,36.95,295.6
20428,11014,2025-04-03,Exclusive full-range hardware,5,25.61,128.05
20429,11076,2023-10-01,User-centric national installation,1,67.38,67.38
20430,11087,2025-01-26,Adaptive intermediate extranet,7,54.65,382.55
20431,11015,2024-07-11,Digitized national migration,5,26.04,130.2
20432,11092,2023-11-06,Customizable needs-based middleware,6,71.73,430.38
20433,11098,2024-08-20,Sharable client-driven alliance,6,99.2,595.2
20434,11066,2024-12-13,Realigned intangible concept,8,77.25,618.0
20435,11032,2024-11-08,Open-architected even-keeled alliance,9,76.6,689.4
20436,11087,2024-04-12,Grass-roots exuding service-desk,2,95.53,191.06
20437,11063,2023-10-02,Open-architected maximized budgetary management,9,28.26,254.34
20438,11086,2024-02-24,Compatible scalable toolset,9,60.9,548.1
20439,11051,2025-01-15,Virtual explicit success,7,98.17,687.19
20440,11025,2023-10-13,Compatible incremental Local Area Network,1,24.88,24.88
20441,11058,2025-02-17,Compatible tertiary monitoring,7,73.02,511.14
20442,11063,2023-08-12,Organized dynamic moratorium,5,62.72,313.6
20443,11062,2023-12-17,Universal transitional hierarchy,6,62.78,376.68
20444,11022,2024-07-03,Customer-focused coherent implementation,7,72.79,509.53000000000003
20445,11058,2023-12-15,Total analyzing instruction set,5,93.67,468.35
20446,11058,2025-01-28,Integrated stable moratorium,7,80.43,563.01
20447,11086,2025-04-11,Persevering full-range info-mediaries,9,15.05,135.45000000000002
20448,11049,2024-06-14,Programmable secondary superstructure,3,86.75,260.25
20449,11052,2025-05-04,Visionary mobile Local Area Network,8,30.3,242.4
20450,11042,2023-05-25,Intuitive full-range concept,2,43.92,87.84
20451,11070,2024-10-13,Front-line eco-centric Graphic Interface,7,51.56,360.92
20452,11015,2025-04-13,Business-focused tangible process improvement,2,53.28,106.56
20453,11054,2024-06-21,Pre-emptive fault-tolerant data-warehouse,4,49.17,196.68
20454,11060,2024-12-23,Triple-buffered reciprocal data-warehouse,7,94.36,660.52
20455,11097,2025-03-06,Extended bottom-line model,3,73.54,220.62
20456,11008,2024-12-28,Focused incremental installation,2,66.81,133.62
20457,11053,2023-09-17,Inverse full-range product,7,14.49,101.43
20458,11060,2024-03-21,Progressive web-enabled circuit,1,91.35,91.35
20459,11005,2024-06-24,Customizable exuding orchestration,8,91.85,734.8
20460,11068,2023-09-04,Integrated fault-tolerant product,3,80.22,240.66
20461,11006,2023-12-05,Robust tertiary Graphic Interface,2,10.63,21.26
20462,11096,2024-02-07,Configurable 3rdgeneration access,3,15.16,45.480000000000004
20463,11094,2025-05-05,De-engineered context-sensitive model,5,30.27,151.35
20464,11047,2025-02-16,Advanced reciprocal definition,8,21.82,174.56
20465,11099,2023-11-28,Virtual bi-directional core,7,45.9,321.3
20466,11055,2023-10-03,Digitized modular data-warehouse,7,93.04,651.2800000000001
20467,11040,2023-12-04,Monitored leadingedge orchestration,7,52.49,367.43
20468,11052,2025-04-20,Innovative multimedia artificial intelligence,8,11.21,89.68
20469,11016,2024-10-20,Exclusive didactic info-mediaries,1,35.45,35.45
20470,11013,2025-02-11,Enterprise-wide multimedia structure,4,14.01,56.04
20471,11030,2024-05-28,Open-source cohesive synergy,6,13.27,79.62
20472,11019,2024-12-06,Right-sized disintermediate neural-net,9,34.81,313.29
20473,11017,2024-05-30,Ameliorated web-enabled ability,2,34.81,69.62
20474,11063,2024-03-25,Face-to-face reciprocal leverage,1,80.84,80.84
20475,11019,2025-01-31,Polarized responsive throughput,2,97.74,195.48
20476,11092,2023-10-30,Cross-platform eco-centric projection,7,43.41,303.87
20477,11058,2023-07-25,Multi-channeled bifurcated standardization,3,48.6,145.8
20478,11055,2025-05-03,Configurable optimizing firmware,2,86.03,172.06
20479,11090,2024-10-29,Horizontal asymmetric function,7,34.13,238.91000000000003
20480,11090,2025-03-18,Advanced uniform pricing structure,2,24.07,48.14
20481,11062,2024-05-20,Open-source empowering solution,3,86.78,260.34000000000003
20482,11023,2024-12-18,Versatile didactic project,7,14.19,99.33
20483,11009,2023-06-20,Visionary 6thgeneration benchmark,4,65.77,263.08
20484,11012,2024-02-21,Face-to-face hybrid Graphic Interface,1,60.58,60.58
20485,11001,2025-05-12,Customizable attitude-oriented methodology,5,41.13,205.65
20486,11058,2025-04-29,Advanced exuding architecture,9,38.37,345.33
20487,11001,2023-06-26,Cloned hybrid knowledgebase,8,79.47,635.76
20488,11034,2024-09-03,Optional logistical project,9,17.78,160.02
20489,11096,2024-09-06,Triple-buffered maximized matrices,9,31.31,281.78999999999996
20490,11048,2023-07-29,User-friendly dynamic synergy,7,75.92,531.44
20491,11089,2025-02-14,Balanced system-worthy installation,4,59.35,237.4
20492,11001,2024-04-06,Organic solution-oriented parallelism,5,21.52,107.6
20493,11016,2024-12-10,Multi-tiered fresh-thinking complexity,1,89.39,89.39
20494,11061,2024-05-05,Organic value-added leverage,1,45.41,45.41
20495,11064,2024-06-05,Fundamental object-oriented artificial intelligence,3,84.51,253.53000000000003
20496,11063,2024-01-19,Customizable grid-enabled complexity,8,80.89,647.12
20497,11069,2023-10-21,Enterprise-wide motivating monitoring,2,66.2,132.4
20498,11022,2024-08-25,Multi-channeled high-level projection,4,54.5,218.0
20499,11093,2025-02-23,Synergized well-modulated strategy,2,98.16,196.32
20500,11067,2024-05-27,Pre-emptive zero tolerance monitoring,5,23.05,115.25
20501,11076,2024-07-30,Exclusive global task-force,9,75.26,677.34
20502,11026,2023-08-11,Cross-platform modular hardware,1,27.21,27.21
20503,11016,2024-11-29,Reverse-engineered non-volatile initiative,5,40.44,202.2
20504,11051,2024-02-10,Multi-layered directional core,9,37.78,340.02
20505,11086,2023-09-07,User-friendly dedicated extranet,1,95.23,95.23
20506,11057,2024-03-29,Versatile methodical strategy,9,97.06,873.54
20507,11029,2024-05-05,Centralized executive parallelism,8,26.47,211.76
20508,11078,2024-08-16,Devolved dedicated leverage,4,11.98,47.92
20509,11092,2024-10-12,Ergonomic needs-based leverage,5,74.8,374.0
20510,11069,2024-04-24,De-engineered content-based methodology,5,47.62,238.1
20511,11047,2023-07-21,Re-engineered encompassing customer loyalty,6,18.0,108.0
20512,11094,2024-05-01,Profound bifurcated monitoring,7,71.54,500.78000000000003
20513,11062,2025-03-29,Horizontal content-based moderator,8,59.06,472.48
20514,11069,2023-12-26,Organized multi-tasking project,8,98.25,786.0
20515,11076,2024-10-29,Compatible leadingedge projection,2,30.47,60.94
20516,11016,2023-06-07,Compatible analyzing Local Area Network,9,46.36,417.24
20517,11090,2024-03-27,Re-contextualized intermediate data-warehouse,7,58.83,411.81
20518,11090,2023-08-16,Integrated even-keeled migration,4,81.25,325.0
20519,11048,2023-08-13,Fundamental reciprocal leverage,4,59.4,237.6
20520,11085,2025-01-15,Multi-lateral background Graphic Interface,8,65.16,521.28
20521,11039,2024-01-19,Synchronized 4thgeneration utilization,4,30.35,121.4
20522,11100,2023-07-24,Synergized upward-trending Local Area Network,6,86.22,517.3199999999999
20523,11033,2023-09-15,Organic discrete portal,5,48.58,242.89999999999998
20524,11094,2024-02-13,Phased logistical website,3,22.69,68.07000000000001
20525,11023,2025-04-28,Virtual heuristic attitude,2,69.78,139.56
20526,11010,2025-03-17,Team-oriented web-enabled artificial intelligence,9,29.45,265.05
20527,11069,2024-02-13,Progressive maximized matrices,9,18.78,169.02
20528,11100,2024-06-11,Proactive 6thgeneration encoding,1,87.58,87.58
20529,11034,2025-04-03,Exclusive responsive contingency,3,51.41,154.23
20530,11052,2024-05-12,Progressive contextually-based approach,8,77.44,619.52
20531,11095,2023-06-07,Universal discrete migration,6,36.15,216.89999999999998
20532,11010,2024-05-02,Cross-platform asynchronous analyzer,5,80.83,404.15
20533,11019,2023-07-31,Innovative 24/7 middleware,5,20.07,100.35
20534,11058,2024-06-02,Horizontal non-volatile interface,6,42.04,252.24
20535,11096,2024-08-15,Decentralized intangible core,7,98.03,686.21
20536,11001,2024-01-28,Expanded systemic benchmark,1,81.46,81.46
20537,11069,2023-08-12,Horizontal dynamic benchmark,9,54.75,492.75
20538,11004,2024-05-23,Virtual dedicated hardware,3,40.58,121.74
20539,11016,2024-07-05,Reverse-engineered well-modulated analyzer,4,88.49,353.96
20540,11024,2025-03-06,Monitored multimedia hub,1,59.04,59.04
20541,11080,2025-01-31,Fully-configurable content-based migration,3,78.26,234.78000000000003
20542,11002,2023-11-05,Virtual value-added access,2,77.87,155.74
20543,11092,2024-08-24,Persevering 3rdgeneration projection,2,11.62,23.24
20544,11032,2023-07-02,Multi-tiered neutral array,1,21.36,21.36
20545,11091,2023-12-20,Sharable client-driven conglomeration,8,69.37,554.96
20546,11084,2023-09-28,Seamless 5thgeneration model,3,24.55,73.65
20547,11024,2024-11-03,Open-source clear-thinking Graphical User Interface,3,32.99,98.97
20548,11012,2024-05-26,Enhanced zero-defect knowledge user,6,95.2,571.2
20549,11050,2023-12-10,Face-to-face directional budgetary management,8,60.42,483.36
20550,11035,2024-03-05,Vision-oriented stable paradigm,9,77.57,698.1299999999999
20551,11033,2024-05-19,User-friendly holistic application,9,60.22,541.98
20552,11033,2024-02-12,Grass-roots hybrid moratorium,4,59.73,238.92
20553,11061,2024-12-16,Quality-focused directional process improvement,5,18.47,92.35
20554,11051,2025-03-09,Configurable 3rdgeneration forecast,2,40.93,81.86
20555,11043,2024-04-27,Cloned high-level capability,9,35.42,318.78000000000003
20556,11012,2024-03-17,Pre-emptive encompassing neural-net,8,45.17,361.36
20557,11067,2025-05-13,Down-sized actuating utilization,3,81.85,245.54999999999998
20558,11065,2024-07-16,Cross-platform 24/7 standardization,9,43.47,391.23
20559,11033,2024-06-28,Reduced zero-defect functionalities,3,50.65,151.95
20560,11040,2023-08-24,Multi-channeled object-oriented encryption,9,45.76,411.84
20561,11074,2024-03-08,Synergistic analyzing migration,2,18.41,36.82
20562,11043,2025-02-06,Cloned context-sensitive monitoring,9,49.7,447.3
20563,11044,2024-10-13,Assimilated hybrid function,8,27.6,220.8
20564,11029,2023-11-01,Focused empowering focus group,9,26.81,241.29
20565,11013,2025-01-16,Re-contextualized clear-thinking collaboration,5,18.46,92.30000000000001
20566,11012,2025-05-09,Operative leadingedge complexity,2,42.1,84.2
20567,11095,2025-05-06,User-friendly asynchronous portal,8,78.17,625.36
20568,11046,2024-11-12,Up-sized disintermediate challenge,6,34.88,209.28000000000003
20569,11002,2025-02-23,Virtual neutral projection,8,38.11,304.88
20570,11035,2024-06-09,Front-line zero administration encoding,5,67.84,339.20000000000005
20571,11087,2023-06-03,Innovative disintermediate hardware,2,27.63,55.26
20572,11081,2024-01-28,Managed clear-thinking emulation,6,90.73,544.38
20573,11090,2023-09-06,Function-based eco-centric encoding,5,56.82,284.1
20574,11008,2024-12-21,Digitized tangible framework,5,50.28,251.4
20575,11093,2025-02-24,Face-to-face grid-enabled open system,1,60.2,60.2
20576,11026,2025-05-08,Compatible system-worthy complexity,2,24.94,49.88
20577,11074,2023-10-17,Team-oriented executive implementation,8,65.21,521.68
20578,11090,2024-05-16,Integrated reciprocal installation,3,42.68,128.04
20579,11034,2024-02-29,Streamlined modular help-desk,3,90.75,272.25
20580,11007,2025-04-09,Profit-focused well-modulated product,8,25.2,201.6
20581,11068,2023-11-17,Open-source radical Graphic Interface,8,55.63,445.04
20582,11058,2024-02-06,Upgradable leadingedge middleware,2,63.83,127.66
20583,11075,2023-12-09,Open-source mobile success,8,13.0,104.0
20584,11029,2024-07-29,Open-source holistic analyzer,1,42.73,42.73
20585,11036,2024-06-06,Total encompassing emulation,6,75.94,455.64
20586,11089,2025-03-09,Ergonomic explicit approach,8,83.83,670.64
20587,11021,2024-04-22,Re-contextualized optimizing solution,3,38.18,114.53999999999999
20588,11036,2024-08-19,Synergized modular moratorium,8,81.87,654.96
20589,11010,2023-07-22,Multi-lateral holistic approach,1,97.1,97.1
20590,11073,2023-10-25,Versatile directional archive,9,87.12,784.08
20591,11024,2023-09-24,Mandatory intermediate workforce,9,20.59,185.31
20592,11064,2024-02-26,Intuitive 6thgeneration flexibility,5,76.58,382.9
20593,11099,2024-05-29,Synergistic contextually-based neural-net,4,38.77,155.08
20594,11049,2024-09-14,Centralized uniform contingency,6,98.96,593.76
20595,11099,2025-03-14,Centralized 3rdgeneration model,7,53.68,375.76
20596,11036,2024-05-09,Quality-focused analyzing capacity,5,21.02,105.1
20597,11082,2024-08-17,Face-to-face asynchronous application,9,75.27,677.43
20598,11096,2025-05-11,Focused modular Graphical User Interface,3,39.07,117.21000000000001
20599,11024,2025-05-08,Sharable zero-defect strategy,7,99.74,698.18
20600,11023,2025-04-22,Grass-roots encompassing firmware,5,98.18,490.90000000000003
20601,11062,2025-01-01,Versatile user-facing moratorium,7,69.05,483.34999999999997
20602,11096,2023-11-07,Customizable value-added info-mediaries,2,21.68,43.36
20603,11037,2024-10-10,Pre-emptive contextually-based encoding,4,71.82,287.28
20604,11012,2024-03-04,Persistent executive conglomeration,2,18.37,36.74
20605,11055,2025-05-11,Organized disintermediate alliance,7,12.64,88.48
20606,11013,2024-03-23,Configurable non-volatile hierarchy,2,84.07,168.14
20607,11023,2024-07-21,Multi-layered context-sensitive installation,1,28.88,28.88
20608,11089,2023-09-24,Sharable regional attitude,9,44.11,396.99
20609,11099,2023-07-25,Organic methodical knowledgebase,1,97.61,97.61
20610,11030,2024-10-26,Persevering bandwidth-monitored Internet solution,8,40.32,322.56
20611,11017,2024-02-10,Operative heuristic toolset,2,36.68,73.36
20612,11062,2025-04-25,Up-sized neutral database,8,92.64,741.12
20613,11084,2025-04-27,De-engineered 6thgeneration instruction set,3,19.97,59.91
20614,11089,2024-11-14,Mandatory object-oriented infrastructure,6,78.36,470.15999999999997
20615,11086,2024-02-16,Multi-layered asynchronous success,3,98.93,296.79
20616,11013,2025-03-09,Synergized static paradigm,7,91.12,637.84
20617,11059,2023-11-22,Vision-oriented tangible solution,9,68.65,617.85
20618,11019,2024-07-03,Networked homogeneous functionalities,2,38.27,76.54
20619,11049,2024-02-04,Reduced tangible matrix,5,32.89,164.45
20620,11100,2024-04-17,Balanced impactful solution,6,83.73,502.38
20621,11012,2024-10-15,Open-architected demand-driven policy,4,89.18,356.72
20622,11061,2025-05-12,Down-sized dynamic service-desk,4,57.29,229.16
20623,11019,2023-12-12,Intuitive secondary toolset,4,31.99,127.96
20624,11076,2024-01-13,Inverse intermediate knowledgebase,2,20.16,40.32
20625,11009,2023-05-24,Realigned systematic installation,4,17.85,71.4
20626,11071,2023-12-06,Compatible holistic conglomeration,1,74.72,74.72
20627,11028,2024-09-18,Cross-platform maximized frame,6,47.81,286.86
20628,11078,2023-12-05,Front-line dedicated throughput,1,91.48,91.48
20629,11095,2025-02-25,Focused national flexibility,6,76.57,459.41999999999996
20630,11052,2023-06-07,Upgradable homogeneous core,1,27.21,27.21
20631,11083,2025-01-07,Enhanced tertiary budgetary management,6,65.24,391.43999999999994
20632,11016,2024-10-17,Front-line object-oriented Internet solution,8,49.2,393.6
20633,11069,2025-03-14,Re-engineered multi-tasking architecture,2,61.95,123.9
20634,11099,2025-04-24,Innovative tertiary concept,2,76.43,152.86
20635,11012,2023-11-16,Business-focused full-range implementation,4,82.56,330.24
20636,11025,2023-05-31,Customizable coherent data-warehouse,3,85.94,257.82
20637,11052,2023-05-21,Multi-channeled mission-critical attitude,4,32.86,131.44
20638,11085,2023-12-29,Re-engineered upward-trending function,7,12.8,89.60000000000001
20639,11100,2023-09-01,Open-source dedicated initiative,1,76.54,76.54
20640,11053,2024-01-23,Cloned object-oriented policy,6,19.57,117.42
20641,11023,2024-06-28,Compatible composite migration,3,38.34,115.02000000000001
20642,11016,2025-04-16,Organic zero administration matrix,7,10.34,72.38
20643,11057,2024-06-08,Persistent systematic time-frame,2,71.35,142.7
20644,11039,2024-11-06,Decentralized client-driven pricing structure,2,25.04,50.08
20645,11053,2025-04-30,Open-source transitional knowledge user,4,68.98,275.92
20646,11042,2025-03-08,Pre-emptive maximized focus group,1,99.26,99.26
20647,11058,2024-06-20,Customer-focused fault-tolerant methodology,3,16.54,49.62
20648,11039,2023-12-14,Customizable bi-directional ability,9,16.94,152.46
20649,11014,2025-03-11,Expanded multimedia monitoring,7,40.63,284.41
20650,11095,2025-03-16,Enterprise-wide stable orchestration,7,87.97,615.79
20651,11005,2025-01-01,Integrated radical circuit,4,29.4,117.6
20652,11035,2024-12-25,Grass-roots tertiary framework,2,42.43,84.86
20653,11087,2025-01-20,Advanced human-resource paradigm,4,16.17,64.68
20654,11093,2023-10-17,Inverse cohesive Graphical User Interface,6,78.68,472.08000000000004
20655,11075,2024-09-02,Grass-roots real-time website,3,46.75,140.25
20656,11018,2025-01-18,Cross-group optimal system engine,1,78.33,78.33
20657,11076,2024-11-12,Sharable clear-thinking encryption,8,91.32,730.56
20658,11009,2024-02-15,Re-contextualized explicit instruction set,5,30.95,154.75
20659,11074,2025-02-25,Function-based asymmetric Graphic Interface,5,82.67,413.35
20660,11058,2024-11-26,Robust optimal application,4,15.32,61.28
20661,11017,2024-02-19,Profound client-server toolset,6,90.9,545.4000000000001
20662,11007,2023-09-10,Persistent multimedia collaboration,3,68.57,205.70999999999998
20663,11046,2023-09-26,Assimilated demand-driven toolset,9,88.68,798.1200000000001
20664,11013,2025-02-18,Multi-layered modular encoding,5,10.02,50.099999999999994
20665,11040,2023-09-08,Down-sized tangible extranet,3,25.22,75.66
20666,11042,2025-01-27,Reduced analyzing circuit,1,45.08,45.08
20667,11009,2023-11-01,Optional multi-state system engine,6,44.16,264.96
20668,11050,2023-11-16,Pre-emptive asynchronous definition,2,30.41,60.82
20669,11027,2023-12-10,Reverse-engineered mission-critical product,3,44.35,133.05
20670,11066,2025-04-08,Cloned mobile portal,1,21.6,21.6
20671,11005,2024-03-10,Implemented reciprocal instruction set,9,47.15,424.34999999999997
20672,11029,2023-10-04,Reduced bi-directional Graphic Interface,8,82.21,657.68
20673,11037,2023-10-03,Programmable bi-directional service-desk,2,53.12,106.24
20674,11038,2024-04-29,Reduced client-driven middleware,8,11.62,92.96
20675,11083,2024-08-26,Cloned regional instruction set,9,47.93,431.37
20676,11008,2023-08-02,Ergonomic incremental methodology,1,12.45,12.45
20677,11065,2023-10-10,Managed multi-state encryption,5,96.96,484.79999999999995
20678,11086,2024-01-04,Ergonomic multi-state knowledgebase,8,21.47,171.76
20679,11017,2023-06-21,Right-sized solution-oriented circuit,2,73.69,147.38
20680,11071,2024-09-03,Compatible dedicated conglomeration,4,97.55,390.2
20681,11089,2023-11-02,Fundamental high-level migration,7,84.34,590.38
20682,11045,2024-05-28,Reduced object-oriented project,3,72.94,218.82
20683,11004,2024-10-02,Seamless uniform array,5,85.55,427.75
20684,11036,2025-02-13,Decentralized leadingedge time-frame,8,98.36,786.88
20685,11070,2023-11-19,Multi-layered explicit service-desk,3,65.92,197.76
20686,11031,2024-09-20,Multi-tiered real-time ability,4,60.33,241.32
20687,11019,2025-01-03,Customizable uniform attitude,9,66.54,598.86
20688,11061,2024-03-28,Re-engineered high-level Graphical User Interface,7,57.94,405.58
20689,11054,2023-12-26,Sharable transitional system engine,1,67.16,67.16
20690,11039,2023-12-21,Multi-layered bandwidth-monitored emulation,4,50.49,201.96
20691,11091,2023-06-20,Reverse-engineered radical application,4,29.66,118.64
20692,11074,2025-04-06,Distributed 5thgeneration workforce,9,20.82,187.38
20693,11090,2023-09-04,Expanded radical software,6,16.15,96.89999999999999
20694,11019,2024-03-20,Proactive disintermediate productivity,9,33.7,303.3
20695,11039,2023-08-17,Decentralized executive adapter,6,14.15,84.9
20696,11067,2023-07-01,Fundamental regional encoding,6,61.05,366.29999999999995
20697,11045,2023-08-26,Diverse composite time-frame,5,35.54,177.7
20698,11013,2023-06-30,Reduced actuating leverage,5,84.21,421.04999999999995
20699,11092,2023-06-30,Organized directional knowledgebase,2,16.68,33.36
20700,11058,2024-09-28,Secured client-driven alliance,8,30.37,242.96
20701,11020,2024-06-14,Optimized object-oriented middleware,8,75.72,605.76
20702,11092,2024-12-24,Ergonomic bandwidth-monitored system engine,1,63.89,63.89
20703,11072,2023-07-09,Future-proofed optimal customer loyalty,8,15.8,126.4
20704,11061,2025-05-04,Reverse-engineered intermediate workforce,5,88.95,444.75
20705,11039,2025-02-12,Multi-lateral directional Graphical User Interface,2,88.95,177.9
20706,11001,2024-07-01,Distributed bottom-line policy,2,39.74,79.48
20707,11003,2024-03-30,Expanded non-volatile emulation,6,40.64,243.84
20708,11077,2024-02-17,Secured fault-tolerant intranet,9,99.01,891.09
20709,11092,2023-06-01,Vision-oriented didactic firmware,1,66.36,66.36
20710,11062,2023-08-05,Cloned solution-oriented monitoring,6,57.82,346.92
20711,11063,2023-09-11,Intuitive encompassing emulation,9,85.43,768.8700000000001
20712,11025,2024-02-19,Public-key full-range framework,8,35.68,285.44
20713,11056,2023-10-15,Progressive attitude-oriented functionalities,6,48.63,291.78000000000003
20714,11033,2023-07-15,Monitored solution-oriented pricing structure,3,34.1,102.30000000000001
20715,11038,2024-06-03,Streamlined user-facing contingency,8,81.02,648.16
20716,11006,2024-09-06,Visionary multi-tasking system engine,9,61.6,554.4
20717,11058,2024-04-12,Cloned foreground moratorium,1,69.29,69.29
20718,11044,2025-01-14,Proactive fault-tolerant core,9,32.71,294.39
20719,11045,2024-05-08,Profit-focused attitude-oriented definition,6,29.82,178.92000000000002
20720,11032,2024-11-15,Synergistic executive implementation,6,53.95,323.70000000000005
20721,11045,2024-06-05,Realigned 4thgeneration time-frame,4,76.38,305.52
20722,11061,2024-07-02,Synergized global focus group,1,57.27,57.27
20723,11047,2025-05-10,Optimized needs-based core,8,12.94,103.52
20724,11021,2024-01-19,Organic 5thgeneration time-frame,2,88.17,176.34
20725,11080,2025-03-18,Realigned object-oriented neural-net,1,15.82,15.82
20726,11085,2024-10-11,Right-sized bandwidth-monitored policy,2,96.02,192.04
20727,11075,2023-08-12,Enterprise-wide encompassing neural-net,1,12.26,12.26
20728,11036,2024-07-16,Ameliorated 6thgeneration process improvement,1,72.5,72.5
20729,11099,2025-01-09,Devolved responsive moderator,9,17.4,156.6
20730,11019,2023-09-24,Upgradable heuristic support,1,91.96,91.96
20731,11020,2023-06-16,Fully-configurable content-based access,4,51.8,207.2
20732,11057,2023-09-10,Ergonomic real-time archive,6,22.38,134.28
20733,11018,2024-08-21,Progressive full-range methodology,7,40.67,284.69
20734,11047,2025-02-07,Phased static superstructure,2,24.83,49.66
20735,11049,2025-01-22,Public-key global concept,6,25.35,152.10000000000002
20736,11014,2024-12-26,Programmable optimizing collaboration,7,95.33,667.31
20737,11015,2023-08-15,Advanced human-resource info-mediaries,2,50.07,100.14
20738,11031,2024-03-10,Down-sized zero tolerance productivity,2,80.99,161.98
20739,11001,2024-08-27,Decentralized zero-defect definition,7,67.56,472.92
20740,11054,2024-09-06,Networked tangible architecture,1,70.88,70.88
20741,11003,2024-02-27,Organized incremental capability,8,21.85,174.8
20742,11016,2024-04-08,Multi-layered secondary alliance,3,31.08,93.24
20743,11087,2023-05-18,Progressive dedicated hierarchy,6,80.81,484.86
20744,11057,2024-10-01,Multi-layered transitional task-force,9,97.37,876.33
20745,11075,2024-06-14,Self-enabling cohesive infrastructure,6,33.64,201.84
20746,11012,2024-09-11,Assimilated content-based middleware,9,34.44,309.96
20747,11074,2024-06-05,Extended analyzing artificial intelligence,7,52.56,367.92
20748,11096,2023-06-20,Open-architected 5thgeneration leverage,9,98.55,886.9499999999999
20749,11016,2025-03-31,Ameliorated global intranet,2,34.21,68.42
20750,11072,2024-08-06,Streamlined local capability,8,46.63,373.04
20751,11076,2024-07-24,Team-oriented mobile capacity,8,90.23,721.84
20752,11024,2024-02-28,Synergized contextually-based alliance,2,10.26,20.52
20753,11028,2024-05-26,Phased transitional open architecture,4,13.58,54.32
20754,11008,2023-10-22,Decentralized global portal,7,64.37,450.59000000000003
20755,11092,2024-08-22,Front-line dedicated productivity,4,91.66,366.64
20756,11036,2025-02-19,Decentralized full-range core,4,31.5,126.0
20757,11090,2023-06-12,Streamlined zero administration monitoring,6,52.27,313.62
20758,11008,2025-01-03,Upgradable object-oriented hardware,6,50.54,303.24
20759,11058,2024-10-08,Reactive responsive utilization,3,52.57,157.71
20760,11060,2023-07-30,Object-based maximized superstructure,9,66.03,594.27
20761,11050,2024-06-28,Phased bandwidth-monitored core,2,52.28,104.56
20762,11028,2024-03-17,Synergistic zero administration superstructure,6,50.27,301.62
20763,11092,2024-02-16,Programmable mobile approach,7,52.69,368.83
20764,11041,2024-05-18,Advanced modular service-desk,9,63.18,568.62
20765,11100,2024-07-14,Ameliorated multi-state protocol,3,58.33,174.99
20766,11064,2024-06-09,Cross-platform bandwidth-monitored focus group,3,86.87,260.61
20767,11027,2024-04-20,Polarized next generation encoding,7,14.45,101.14999999999999
20768,11063,2024-07-11,Synergistic 5thgeneration open architecture,4,85.0,340.0
20769,11017,2023-11-14,Sharable asymmetric interface,8,85.95,687.6
20770,11073,2024-05-27,Virtual upward-trending extranet,7,35.64,249.48000000000002
20771,11033,2024-12-17,Universal user-facing encoding,5,51.66,258.29999999999995
20772,11084,2025-03-05,Quality-focused 6thgeneration migration,7,49.47,346.28999999999996
20773,11077,2023-06-05,Virtual executive circuit,3,29.67,89.01
20774,11092,2023-07-28,Programmable 5thgeneration parallelism,2,45.71,91.42
20775,11029,2024-10-08,Implemented needs-based attitude,6,13.99,83.94
20776,11013,2023-12-09,Customer-focused global definition,2,35.0,70.0
20777,11046,2024-08-03,Future-proofed mobile artificial intelligence,3,83.5,250.5
20778,11035,2023-12-10,Inverse bottom-line forecast,6,35.61,213.66
20779,11006,2024-09-29,Robust regional hub,5,83.64,418.2
20780,11082,2023-10-28,User-centric transitional challenge,8,57.84,462.72
20781,11069,2023-10-10,Grass-roots disintermediate data-warehouse,9,89.19,802.71
20782,11047,2024-03-12,Cross-platform secondary success,3,61.73,185.19
20783,11025,2024-08-04,Centralized holistic service-desk,3,12.67,38.01
20784,11066,2025-01-22,Mandatory heuristic attitude,3,70.79,212.37
20785,11010,2023-08-20,Robust zero administration benchmark,6,14.04,84.24
20786,11056,2024-01-02,Distributed bifurcated groupware,1,50.55,50.55
20787,11030,2024-03-19,Persistent directional application,7,93.65,655.5500000000001
20788,11005,2024-12-21,Monitored 4thgeneration structure,1,24.87,24.87
20789,11033,2025-05-04,Vision-oriented zero-defect analyzer,5,45.09,225.45000000000002
20790,11065,2024-12-20,Operative zero tolerance knowledge user,8,75.69,605.52
20791,11018,2024-01-27,Reactive asynchronous alliance,4,89.4,357.6
20792,11096,2024-08-07,Re-contextualized maximized moderator,5,70.38,351.9
20793,11049,2024-07-24,Organized logistical support,4,33.24,132.96
20794,11011,2025-04-23,Optimized systematic adapter,4,70.71,282.84
20795,11085,2024-12-27,Digitized executive matrices,8,36.71,293.68
20796,11026,2024-08-30,Phased heuristic circuit,2,74.66,149.32
20797,11063,2024-07-27,Quality-focused maximized concept,1,95.86,95.86
20798,11089,2023-12-10,Ameliorated high-level hub,3,74.93,224.79000000000002
20799,11086,2023-09-01,Multi-layered disintermediate installation,9,87.66,788.9399999999999
20800,11059,2024-05-07,Vision-oriented cohesive alliance,4,10.19,40.76
20801,11027,2024-01-14,Compatible static encryption,5,74.58,372.9
20802,11049,2024-10-27,Seamless background focus group,2,84.66,169.32
20803,11077,2024-11-10,Synchronized clear-thinking flexibility,4,13.65,54.6
20804,11033,2023-12-31,Advanced uniform initiative,2,88.44,176.88
20805,11098,2024-10-03,Quality-focused human-resource matrices,2,33.1,66.2
20806,11099,2024-05-10,Visionary systematic Graphical User Interface,4,69.88,279.52
20807,11001,2023-11-08,Quality-focused 3rdgeneration protocol,6,82.03,492.18
20808,11021,2024-03-29,Integrated 3rdgeneration hardware,7,69.64,487.48
20809,11055,2024-11-26,Progressive multi-tasking encoding,3,18.31,54.92999999999999
20810,11006,2024-11-04,Ameliorated mission-critical model,3,63.67,191.01
20811,11092,2023-06-18,Self-enabling zero-defect matrix,6,59.46,356.76
20812,11081,2025-01-02,Future-proofed tertiary infrastructure,3,91.03,273.09000000000003
20813,11069,2024-03-04,Decentralized multimedia flexibility,2,46.38,92.76
20814,11095,2025-02-08,Face-to-face client-driven info-mediaries,8,38.9,311.2
20815,11005,2023-05-25,Re-engineered mission-critical utilization,5,77.49,387.45
20816,11003,2024-03-04,Fully-configurable secondary toolset,1,47.14,47.14
20817,11053,2023-11-14,Devolved upward-trending alliance,3,68.15,204.45000000000002
20818,11023,2023-07-07,User-centric context-sensitive neural-net,8,68.18,545.44
20819,11053,2024-06-21,User-centric modular system engine,4,89.92,359.68
20820,11037,2024-01-16,Ameliorated content-based customer loyalty,7,63.88,447.16
20821,11074,2023-09-26,Total context-sensitive standardization,2,55.19,110.38
20822,11074,2023-09-29,Universal tertiary implementation,7,22.5,157.5
20823,11083,2024-09-25,Centralized incremental moratorium,5,20.42,102.10000000000001
20824,11017,2025-04-06,Programmable responsive hardware,5,23.89,119.45
20825,11085,2024-01-25,Streamlined methodical initiative,6,25.47,152.82
20826,11078,2024-04-08,Universal static paradigm,9,67.41,606.6899999999999
20827,11073,2024-11-11,Streamlined optimal moratorium,6,76.69,460.14
20828,11001,2023-09-13,Enterprise-wide system-worthy infrastructure,8,57.7,461.6
20829,11051,2023-08-22,Triple-buffered context-sensitive Local Area Network,7,84.61,592.27
20830,11045,2025-05-05,Triple-buffered holistic focus group,9,99.21,892.89
20831,11077,2023-12-30,Advanced tangible moderator,4,83.8,335.2
20832,11004,2023-07-03,Operative neutral extranet,2,72.54,145.08
20833,11062,2024-10-03,Persevering zero-defect standardization,7,57.92,405.44
20834,11065,2024-12-11,Cross-platform bandwidth-monitored Graphical User Interface,6,50.4,302.4
20835,11032,2024-12-27,Compatible zero tolerance definition,1,17.6,17.6
20836,11034,2024-09-28,Enterprise-wide uniform emulation,9,45.94,413.46
20837,11092,2023-08-18,Seamless 24/7 knowledge user,9,91.91,827.1899999999999
20838,11095,2023-08-31,Diverse discrete intranet,2,82.72,165.44
20839,11072,2025-02-03,Public-key clear-thinking circuit,3,29.44,88.32000000000001
20840,11039,2023-07-28,Total holistic capability,5,51.99,259.95
20841,11026,2024-04-20,Right-sized contextually-based core,5,83.51,417.55
20842,11034,2024-02-18,Balanced bottom-line instruction set,1,16.06,16.06
20843,11054,2025-04-11,Persistent clear-thinking conglomeration,8,44.87,358.96
20844,11003,2023-11-07,Triple-buffered well-modulated model,8,86.67,693.36
20845,11050,2024-07-04,Centralized composite open system,4,46.35,185.4
20846,11012,2023-06-20,Self-enabling zero tolerance instruction set,7,16.99,118.92999999999999
20847,11065,2025-03-31,Distributed attitude-oriented intranet,3,58.83,176.49
20848,11054,2023-07-26,Reverse-engineered 6thgeneration flexibility,6,87.56,525.36
20849,11005,2025-02-06,Operative upward-trending frame,9,63.13,568.1700000000001
20850,11094,2023-05-15,Implemented actuating alliance,1,30.37,30.37
20851,11094,2025-04-15,Profound composite architecture,5,44.58,222.89999999999998
20852,11057,2023-10-28,Profit-focused actuating benchmark,4,50.51,202.04
20853,11017,2023-11-14,Optional mission-critical help-desk,8,62.13,497.04
20854,11047,2023-10-13,Open-architected 5thgeneration installation,1,78.34,78.34
20855,11023,2025-04-22,Managed stable website,9,18.9,170.1
20856,11079,2023-07-29,Advanced modular initiative,6,90.07,540.42
20857,11085,2024-06-06,Streamlined 5thgeneration info-mediaries,4,11.11,44.44
20858,11014,2024-12-23,Intuitive national database,9,43.3,389.7
20859,11066,2023-06-11,Mandatory multi-state groupware,5,12.47,62.35
20860,11075,2025-04-07,Switchable methodical challenge,5,45.37,226.85
20861,11051,2024-11-15,Team-oriented needs-based migration,5,57.32,286.6
20862,11038,2023-11-27,Adaptive needs-based solution,1,56.05,56.05
20863,11064,2024-02-20,Robust maximized capability,1,24.91,24.91
20864,11098,2023-06-13,Operative responsive Graphic Interface,8,68.12,544.96
20865,11038,2024-12-09,Synergistic transitional archive,8,14.03,112.24
20866,11050,2024-11-21,Public-key bifurcated initiative,6,78.57,471.41999999999996
20867,11098,2024-09-17,Front-line incremental knowledge user,4,95.2,380.8
20868,11082,2024-02-15,Digitized global approach,2,40.58,81.16
20869,11030,2023-07-15,Centralized encompassing neural-net,2,56.55,113.1
20870,11079,2023-07-21,Stand-alone high-level initiative,9,44.1,396.90000000000003
20871,11091,2024-09-30,Robust transitional moderator,5,10.6,53.0
20872,11051,2024-02-18,Configurable client-driven middleware,4,44.73,178.92
20873,11063,2024-02-17,Configurable executive groupware,1,81.25,81.25
20874,11098,2023-10-14,Stand-alone empowering solution,7,63.64,445.48
20875,11052,2024-05-23,Exclusive discrete moratorium,3,19.11,57.33
20876,11038,2024-04-17,Self-enabling responsive Graphical User Interface,6,86.24,517.4399999999999
20877,11097,2025-03-11,Compatible hybrid policy,5,57.8,289.0
20878,11088,2023-07-18,Switchable dedicated adapter,5,85.76,428.8
20879,11079,2023-07-26,Horizontal eco-centric leverage,5,62.22,311.1
20880,11030,2024-07-15,Organic didactic parallelism,1,60.37,60.37
20881,11051,2025-01-10,Down-sized multimedia pricing structure,1,19.47,19.47
20882,11081,2023-09-09,Enhanced disintermediate access,3,25.06,75.17999999999999
20883,11005,2024-08-18,Stand-alone dedicated capacity,4,97.48,389.92
20884,11029,2024-02-01,Team-oriented disintermediate infrastructure,5,30.56,152.79999999999998
20885,11004,2024-07-27,Adaptive holistic service-desk,2,97.97,195.94
20886,11010,2023-08-14,Enterprise-wide zero tolerance analyzer,8,57.87,462.96
20887,11056,2025-03-23,Virtual 24hour info-mediaries,2,22.22,44.44
20888,11017,2024-03-11,Balanced actuating intranet,9,18.94,170.46
20889,11074,2023-10-08,Total 24hour architecture,2,28.8,57.6
20890,11017,2023-12-14,Inverse clear-thinking toolset,9,93.31,839.79
20891,11084,2023-09-16,Synchronized asymmetric success,7,47.27,330.89000000000004
20892,11088,2025-01-20,Self-enabling bi-directional intranet,8,45.59,364.72
20893,11069,2025-04-20,Business-focused uniform parallelism,2,38.19,76.38
20894,11034,2023-08-01,Future-proofed responsive architecture,7,23.24,162.67999999999998
20895,11006,2023-11-20,Sharable radical task-force,6,53.91,323.46
20896,11053,2024-01-19,Adaptive mobile framework,4,21.7,86.8
20897,11066,2024-10-27,Ergonomic interactive support,7,85.19,596.3299999999999
20898,11077,2024-01-22,Realigned national adapter,4,43.34,173.36
20899,11043,2024-03-16,Diverse human-resource adapter,2,43.73,87.46
20900,11075,2024-09-22,Optional actuating algorithm,7,52.66,368.62
20901,11023,2023-08-26,Virtual national Graphic Interface,8,49.97,399.76
20902,11055,2024-03-09,Balanced fault-tolerant frame,2,99.54,199.08
20903,11080,2025-04-17,Team-oriented secondary flexibility,5,59.08,295.4
20904,11095,2023-11-18,Persevering tertiary moratorium,1,17.94,17.94
20905,11075,2023-08-02,Optimized systemic challenge,7,64.62,452.34000000000003
20906,11016,2024-12-07,Profound discrete Local Area Network,8,23.64,189.12
20907,11008,2023-12-13,Persistent context-sensitive service-desk,6,12.78,76.67999999999999
20908,11004,2023-10-04,Universal system-worthy framework,5,97.37,486.85
20909,11004,2024-04-29,Assimilated motivating product,6,79.62,477.72
20910,11056,2023-06-18,Secured content-based approach,2,98.21,196.42
20911,11025,2024-12-28,Down-sized next generation frame,1,53.01,53.01
20912,11067,2024-10-26,Quality-focused transitional leverage,7,57.9,405.3
20913,11096,2025-03-02,Upgradable hybrid emulation,7,25.15,176.04999999999998
20914,11067,2025-03-04,Implemented zero administration analyzer,2,32.22,64.44
20915,11027,2024-07-28,Decentralized mobile extranet,2,85.47,170.94
20916,11093,2025-04-09,Inverse 4thgeneration moratorium,1,42.06,42.06
20917,11032,2024-06-25,Stand-alone neutral methodology,8,84.41,675.28
20918,11050,2025-04-03,Enhanced contextually-based solution,8,73.81,590.48
20919,11061,2025-05-06,Virtual interactive system engine,1,25.95,25.95
20920,11051,2025-03-13,Right-sized national architecture,8,55.67,445.36
20921,11019,2024-05-20,Fundamental incremental customer loyalty,9,70.96,638.64
20922,11021,2023-11-02,Open-source zero-defect Internet solution,4,31.15,124.6
20923,11005,2024-04-28,Decentralized non-volatile success,1,84.76,84.76
20924,11082,2024-09-25,Profound background parallelism,1,59.03,59.03
20925,11092,2024-06-23,Assimilated multi-tasking functionalities,3,24.87,74.61
20926,11042,2025-04-15,Synergistic 3rdgeneration policy,5,62.47,312.35
20927,11061,2023-07-17,Right-sized bi-directional superstructure,5,99.97,499.85
20928,11022,2025-02-12,Balanced didactic encoding,9,23.55,211.95000000000002
20929,11021,2023-09-28,Multi-channeled dynamic secured line,2,83.51,167.02
20930,11070,2023-09-03,Streamlined empowering protocol,2,28.66,57.32
20931,11001,2025-03-12,Virtual content-based methodology,6,80.41,482.46
20932,11005,2024-01-17,Balanced logistical solution,9,76.11,684.99
20933,11012,2024-09-11,Intuitive real-time firmware,1,37.04,37.04
20934,11090,2025-01-04,Multi-tiered national process improvement,9,39.32,353.88
20935,11046,2024-08-11,Virtual attitude-oriented migration,9,81.33,731.97
20936,11034,2024-02-05,Pre-emptive fresh-thinking alliance,9,51.53,463.77
20937,11049,2024-12-13,Open-source optimal solution,5,75.77,378.84999999999997
20938,11078,2023-06-04,Proactive mobile utilization,9,23.32,209.88
20939,11090,2023-07-02,Re-contextualized disintermediate strategy,4,86.73,346.92
20940,11045,2024-11-10,Realigned homogeneous contingency,2,73.98,147.96
20941,11027,2024-09-05,Vision-oriented multi-state installation,6,91.62,549.72
20942,11073,2024-01-18,Advanced leadingedge core,4,21.91,87.64
20943,11026,2024-04-11,Extended 3rdgeneration help-desk,6,63.37,380.21999999999997
20944,11047,2024-12-04,Profound motivating open system,3,63.92,191.76
20945,11086,2024-11-26,Intuitive web-enabled extranet,6,41.81,250.86
20946,11056,2024-03-27,Inverse interactive implementation,2,51.26,102.52
20947,11094,2024-05-22,Robust content-based workforce,2,13.42,26.84
20948,11063,2023-08-21,Progressive uniform hardware,9,77.13,694.17
20949,11048,2024-11-02,Extended system-worthy monitoring,7,59.44,416.08
20950,11061,2023-07-30,Compatible didactic core,3,15.2,45.599999999999994
20951,11081,2023-12-27,Sharable logistical software,1,71.27,71.27
20952,11026,2023-06-13,Organized zero administration firmware,8,52.01,416.08
20953,11036,2024-05-02,Object-based multi-tasking monitoring,6,13.1,78.6
20954,11001,2025-04-27,Visionary 6thgeneration Graphical User Interface,7,97.26,680.82
20955,11008,2024-03-12,Organized mission-critical data-warehouse,9,95.42,858.78
20956,11099,2024-07-27,Pre-emptive human-resource pricing structure,5,56.16,280.79999999999995
20957,11052,2024-05-24,Profit-focused needs-based function,1,18.43,18.43
20958,11079,2024-09-27,Pre-emptive optimal conglomeration,7,77.92,545.44
20959,11047,2025-03-04,Public-key optimizing synergy,5,54.27,271.35
20960,11056,2024-10-30,Implemented zero tolerance success,3,37.22,111.66
20961,11086,2024-05-04,Innovative eco-centric productivity,9,54.23,488.07
20962,11014,2024-02-21,Mandatory real-time task-force,1,57.02,57.02
20963,11090,2025-04-07,Devolved regional process improvement,1,60.64,60.64
20964,11028,2023-06-28,Extended system-worthy orchestration,1,49.71,49.71
20965,11087,2023-06-23,Enterprise-wide clear-thinking frame,3,64.52,193.56
20966,11078,2024-05-05,Cross-platform responsive policy,6,92.69,556.14
20967,11088,2023-08-31,Realigned optimizing product,3,42.6,127.80000000000001
20968,11002,2023-06-14,Up-sized optimal middleware,8,75.31,602.48
20969,11026,2025-02-20,Inverse optimal encoding,2,90.5,181.0
20970,11014,2024-05-09,Right-sized 24/7 knowledgebase,9,51.04,459.36
20971,11059,2023-09-22,Vision-oriented intangible middleware,3,49.91,149.73
20972,11056,2025-03-28,Distributed national installation,5,64.19,320.95
20973,11007,2024-01-04,Streamlined zero administration synergy,8,63.23,505.84
20974,11003,2024-11-21,Down-sized static contingency,2,82.59,165.18
20975,11023,2023-12-30,De-engineered 24hour budgetary management,6,52.88,317.28000000000003
20976,11018,2024-09-24,Configurable 24hour instruction set,5,99.65,498.25
20977,11038,2024-03-20,User-centric homogeneous intranet,9,15.35,138.15
20978,11099,2023-07-31,Proactive asynchronous hardware,5,10.29,51.449999999999996
20979,11015,2023-11-24,Inverse actuating service-desk,2,67.62,135.24
20980,11064,2024-02-10,Stand-alone actuating portal,5,36.86,184.3
20981,11089,2023-11-05,Profound multi-state infrastructure,4,31.63,126.52
20982,11028,2023-06-04,Function-based even-keeled knowledgebase,7,38.07,266.49
20983,11074,2025-02-13,Reverse-engineered asynchronous alliance,6,33.04,198.24
20984,11039,2023-12-31,Re-engineered clear-thinking database,2,12.77,25.54
20985,11057,2023-06-02,Decentralized impactful architecture,5,97.44,487.2
20986,11017,2023-07-07,Operative disintermediate strategy,7,29.87,209.09
20987,11086,2023-06-10,Organic foreground process improvement,7,76.06,532.4200000000001
20988,11090,2025-04-09,Focused human-resource structure,5,78.63,393.15
20989,11044,2023-06-20,Enterprise-wide logistical concept,9,93.63,842.67
20990,11025,2023-08-19,Compatible user-facing strategy,4,12.75,51.0
20991,11017,2025-01-25,Distributed uniform application,3,88.48,265.44
20992,11013,2025-01-30,Assimilated bifurcated attitude,4,57.45,229.8
20993,11084,2024-11-21,Operative secondary attitude,5,66.93,334.65000000000003
20994,11025,2023-11-07,Self-enabling full-range open system,6,68.0,408.0
20995,11068,2025-04-21,Focused modular Graphical User Interface,3,83.78,251.34
20996,11010,2024-10-14,Triple-buffered multi-state algorithm,2,40.01,80.02
20997,11067,2024-08-07,Face-to-face homogeneous alliance,4,75.97,303.88
20998,11018,2023-06-07,Diverse exuding analyzer,5,57.57,287.85
20999,11100,2024-02-05,Right-sized secondary model,4,81.41,325.64
21000,11086,2024-12-29,Profound grid-enabled encoding,3,99.15,297.45000000000005
